,Date,Opponents,Attendance,Year,month,month_name,Day
0,1984-09-02,Rochdale,1425,1984,9,September,Sunday
1,1984-09-09,Fulham,1145,1984,9,September,Sunday
2,1984-09-23,Salford,1159,1984,9,September,Sunday
3,1984-10-14,Runcorn,1076,1984,10,October,Sunday
4,1984-10-28,Bridgend,826,1984,10,October,Sunday
5,1984-11-04,Wakefield,1279,1984,11,November,Sunday
6,1984-11-11,Dewsbury,909,1984,11,November,Sunday
7,1984-12-02,Batley,835,1984,12,December,Sunday
8,1984-12-16,Blackpool,513,1984,12,December,Sunday
9,1984-12-30,Doncaster,803,1984,12,December,Sunday
10,1985-02-17,Warrington,1479,1985,2,February,Sunday
11,1985-03-10,Carlisle,610,1985,3,March,Sunday
12,1985-03-29,Swinton,1146,1985,3,March,Friday
13,1985-04-05,Mansfield,594,1985,4,April,Friday
14,1985-04-17,Keighley,628,1985,4,April,Wednesday
15,1985-04-28,Whitehaven,714,1985,4,April,Sunday
16,1985-09-01,Doncaster,504,1985,9,September,Sunday
17,1985-09-15,Mansfield,609,1985,9,September,Sunday
18,1985-09-22,Wakefield,1242,1985,9,September,Sunday
19,1985-10-06,Runcorn,496,1985,10,October,Sunday
20,1985-10-20,Rochdale,1658,1985,10,October,Sunday
21,1985-11-03,Keighley,514,1985,11,November,Sunday
22,1985-11-17,Whitehaven,714,1985,11,November,Sunday
23,1985-11-24,Bradford,1342,1985,11,November,Sunday
24,1985-12-15,Hunslet,645,1985,12,December,Sunday
25,1986-01-12,Bramley,400,1986,1,January,Sunday
26,1986-01-19,Leigh,1000,1986,1,January,Sunday
27,1986-03-16,Blackpool,400,1986,3,March,Sunday
28,1986-03-30,Huddersfield,650,1986,3,March,Sunday
29,1986-04-13,Batley,600,1986,4,April,Sunday
30,1986-04-20,Fulham,700,1986,4,April,Sunday
31,1986-04-27,Carlisle,650,1986,4,April,Sunday
32,1986-05-05,Workington,500,1986,5,May,Monday
33,1986-05-07,Barrow,600,1986,5,May,Wednesday
34,1986-08-31,Mansfield,594,1986,8,August,Sunday
35,1986-09-03,Doncaster,654,1986,9,September,Wednesday
36,1986-09-14,Dewsbury,641,1986,9,September,Sunday
37,1986-09-28,Dewsbury,522,1986,9,September,Sunday
38,1986-10-01,Huddersfield,686,1986,10,October,Wednesday
39,1986-10-12,Carlisle,412,1986,10,October,Sunday
40,1986-10-26,York,507,1986,10,October,Sunday
41,1986-11-09,Fulham,564,1986,11,November,Sunday
42,1986-11-23,Batley,567,1986,11,November,Sunday
43,1986-11-30,Bramley,415,1986,11,November,Sunday
44,1986-12-07,Barrow,513,1986,12,December,Sunday
45,1987-01-18,Bramley,709,1987,1,January,Sunday
46,1987-01-25,Swinton,880,1987,1,January,Sunday
47,1987-02-05,Keighley,375,1987,2,February,Thursday
48,1987-02-08,Workington,341,1987,2,February,Sunday
49,1987-03-01,Keighley,393,1987,3,March,Sunday
50,1987-03-29,Hunslet,1211,1987,3,March,Sunday
51,1987-04-12,Runcorn,609,1987,4,April,Sunday
52,1987-04-19,Doncaster,1922,1987,4,April,Sunday
53,1987-09-06,Rochdale,752,1987,9,September,Sunday
54,1987-09-27,Whitehaven,721,1987,9,September,Sunday
55,1987-10-07,Bramley,426,1987,10,October,Wednesday
56,1987-10-18,Wakefield,1183,1987,10,October,Sunday
57,1987-11-08, Mansfield,495,1987,11,November,Sunday
58,1987-11-22,Featherstone,785,1987,11,November,Sunday
59,1987-11-29,Fulham,466,1987,11,November,Sunday
60,1987-12-13,York,480,1987,12,December,Sunday
61,1988-01-10,Barrow,483,1988,1,January,Sunday
62,1988-01-24,Carlisle,446,1988,1,January,Sunday
63,1988-02-28,Batley,583,1988,2,February,Sunday
64,1988-03-06,Dewsbury,462,1988,3,March,Sunday
65,1988-03-27,Oldham,2316,1988,3,March,Sunday
66,1988-04-10,Doncaster,2397,1988,4,April,Sunday
67,1988-08-28,Bramley,700,1988,8,August,Sunday
68,1988-08-31,Wakefield,1356,1988,8,August,Wednesday
69,1988-09-11,Barrow,365,1988,9,September,Sunday
70,1988-09-21,Mansfield,380,1988,9,September,Wednesday
71,1988-10-16,Leigh,903,1988,10,October,Sunday
72,1988-10-23,Batley,515,1988,10,October,Sunday
73,1988-10-26,York,481,1988,10,October,Wednesday
74,1988-11-06,Keighley,484,1988,11,November,Sunday
75,1988-11-13,Wigan St Pats,621,1988,11,November,Sunday
76,1988-11-27,Widnes,2716,1988,11,November,Sunday
77,1988-12-18,Dewsbury,814,1988,12,December,Sunday
78,1989-01-22,Swinton,1034,1989,1,January,Sunday
79,1989-01-29,Leigh,1898,1989,1,January,Sunday
80,1989-02-12,Oldham,3636,1989,2,February,Sunday
81,1989-02-19,Huddersfield,774,1989,2,February,Sunday
82,1989-03-05,Doncaster,2254,1989,3,March,Sunday
83,1989-03-12,Hunslet,774,1989,3,March,Sunday
84,1989-03-26,Fulham,1005,1989,3,March,Sunday
85,1989-04-02,Chorley,1252,1989,4,April,Sunday
86,1989-04-23,Doncaster,1725,1989,4,April,Sunday
87,1989-09-03,St Helens,6200,1989,9,September,Sunday
88,1989-10-08,Widnes,8636,1989,10,October,Sunday
89,1989-10-29,Leeds,4622,1989,10,October,Sunday
90,1989-11-05,Wigan,7642,1989,11,November,Sunday
91,1989-11-19,Bradford,2986,1989,11,November,Sunday
92,1989-12-01,Rochdale,2307,1989,12,December,Friday
93,1989-12-17,Castleford,3014,1989,12,December,Sunday
94,1990-01-03,Featherstone,2756,1990,1,January,Wednesday
95,1990-01-07,Warrington,1298,1990,1,January,Sunday
96,1990-02-04,Wakefield,5104,1990,2,February,Sunday
97,1990-02-25,Barrow,1002,1990,2,February,Sunday
98,1990-03-04,Leigh,1106,1990,3,March,Sunday
99,1990-03-09,Castleford,4169,1990,3,March,Friday
100,1990-03-25,Salford,1121,1990,3,March,Sunday
101,1990-04-15,Hull,5856,1990,4,April,Sunday
102,1990-09-26,Wakefield,7984,1990,9,September,Wednesday
103,1990-09-30,Warrington,4920,1990,9,September,Sunday
104,1990-10-14,Oldham,5189,1990,10,October,Sunday
105,1990-10-30,Bradford,4119,1990,10,October,Tuesday
106,1990-11-18,Bradford,2788,1990,11,November,Sunday
107,1990-12-16,Leeds,4714,1990,12,December,Sunday
108,1990-12-23,St Helens,3111,1990,12,December,Sunday
109,1991-01-06,Wigan,4814,1991,1,January,Sunday
110,1991-01-20,Rochdale,2160,1991,1,January,Sunday
111,1991-01-30,Hull,2847,1991,1,January,Wednesday
112,1991-02-03,Featherstone,3206,1991,2,February,Sunday
113,1991-02-17,Featherstone,2910,1991,2,February,Sunday
114,1991-02-24,Salford,1990,1991,2,February,Sunday
115,1991-03-10,Castleford,3840,1991,3,March,Sunday
116,1991-03-24,Hull,3104,1991,3,March,Sunday
117,1991-03-31,Hull KR,2684,1991,3,March,Sunday
118,1991-04-06,Widnes,2578,1991,4,April,Saturday
119,1991-09-01,Oldham,3454,1991,9,September,Sunday
120,1991-09-16,Bradford,2012,1991,9,September,Monday
121,1991-10-06,Workington,1488,1991,10,October,Sunday
122,1991-10-23,Rochdale,1645,1991,10,October,Wednesday
123,1991-11-03,Scarborough,1226,1991,11,November,Sunday
124,1991-11-06,Carlisle,1228,1991,11,November,Wednesday
125,1991-12-15,Leigh,1913,1991,12,December,Sunday
126,1991-12-29,R-York,1702,1991,12,December,Sunday
127,1992-02-09,Hull,3227,1992,2,February,Sunday
128,1992-02-16,Workington,1531,1992,2,February,Sunday
129,1992-02-27,London C,1315,1992,2,February,Thursday
130,1992-03-01,Oldham,2529,1992,3,March,Sunday
131,1992-03-09,Rochdale,3849,1992,3,March,Monday
132,1992-03-22,Leigh,3228,1992,3,March,Sunday
133,1992-04-05,Carlisle,6393,1992,4,April,Sunday
134,1992-04-12,London C,1940,1992,4,April,Sunday
135,1992-04-19,R-York,2872,1992,4,April,Sunday
136,1992-04-25,Keighley,1225,1992,4,April,Saturday
137,1992-05-10,Batley,2512,1992,5,May,Sunday
138,1992-08-28,Wigan,5950,1992,8,August,Friday
139,1992-09-11,Halifax,3596,1992,9,September,Friday
140,1992-09-20,Bradford,4286,1992,9,September,Sunday
141,1992-10-04,Castleford,3896,1992,10,October,Sunday
142,1992-10-06,Hull,3017,1992,10,October,Tuesday
143,1992-10-14,Australia,5500,1992,10,October,Wednesday
144,1992-10-22,Warrington,1662,1992,10,October,Thursday
145,1992-11-15,Hull KR,1712,1992,11,November,Sunday
146,1992-11-22,Widnes,2158,1992,11,November,Sunday
147,1992-12-13,Leeds,4777,1992,12,December,Sunday
148,1993-01-06,Halifax,2404,1993,1,January,Wednesday
149,1993-01-24,Salford,2278,1993,1,January,Sunday
150,1993-01-31,Leigh,2408,1993,1,January,Sunday
151,1993-02-14,Widnes,3407,1993,2,February,Sunday
152,1993-02-19,Leigh,1982,1993,2,February,Friday
153,1993-03-12,Bradford,2842,1993,3,March,Friday
154,1993-03-28,Wakefield,3245,1993,3,March,Sunday
155,1993-04-11,Hull,2706,1993,4,April,Sunday
156,1993-09-05,Castleford,3046,1993,9,September,Sunday
157,1993-09-19,Halifax,4005,1993,9,September,Sunday
158,1993-10-03,Wakefield,3096,1993,10,October,Sunday
159,1993-10-10,Featherstone,3059,1993,10,October,Sunday
160,1993-10-31,Hull,2244,1993,10,October,Sunday
161,1993-11-28,Warrington,3284,1993,11,November,Sunday
162,1993-12-05,Leeds,3521,1993,12,December,Sunday
163,1993-12-22,Salford,1605,1993,12,December,Wednesday
164,1994-01-02,Hull KR,2151,1994,1,January,Sunday
165,1994-01-16,Bradford,3544,1994,1,January,Sunday
166,1994-01-30,Leigh,1676,1994,1,January,Sunday
167,1994-02-06,Oldham,2400,1994,2,February,Sunday
168,1994-03-11,St Helens,2729,1994,3,March,Friday
169,1994-03-27,Wigan,5465,1994,3,March,Sunday
170,1994-04-01,Leigh,1720,1994,4,April,Friday
171,1994-04-17,Widnes,2831,1994,4,April,Sunday
172,1994-08-23,Bradford,4672,1994,8,August,Tuesday
173,1994-09-18,Warrington,3037,1994,9,September,Sunday
174,1994-10-02,Widnes,2085,1994,10,October,Sunday
175,1994-10-09,Hull,2164,1994,10,October,Sunday
176,1994-10-26,Australia,7450,1994,10,October,Wednesday
177,1994-11-11,Wigan,2601,1994,11,November,Friday
178,1994-11-27,Workington,1906,1994,11,November,Sunday
179,1994-12-04,Leigh,870,1994,12,December,Sunday
180,1994-12-09,Castleford,1840,1994,12,December,Friday
181,1994-12-26,Doncaster,3039,1994,12,December,Monday
182,1995-01-15,Wakefield,2274,1995,1,January,Sunday
183,1995-02-05,St Helens,2705,1995,2,February,Sunday
184,1995-02-26,Widnes,2295,1995,2,February,Sunday
185,1995-03-19,Leeds,4778,1995,3,March,Sunday
186,1995-04-02,Salford,1983,1995,4,April,Sunday
187,1995-04-09,Oldham,2137,1995,4,April,Sunday
188,1995-04-17,Featherstone,1882,1995,4,April,Monday
189,1995-04-23,Halifax,2823,1995,4,April,Sunday
190,1995-08-20,Leeds,4234,1995,8,August,Sunday
191,1995-09-03,Castleford,2504,1995,9,September,Sunday
192,1995-09-08,Warrington,4160,1995,9,September,Friday
193,1995-09-24,London,3717,1995,9,September,Sunday
194,1995-11-05,Oldham,3987,1995,11,November,Sunday
195,1995-11-29,St Helens,1743,1995,11,November,Wednesday
196,1995-12-08,Workington,2032,1995,12,December,Friday
197,1995-12-20,Halifax,1594,1995,12,December,Wednesday
198,1996-01-05,Bradford,2451,1996,1,January,Friday
199,1996-01-19,Wigan,4639,1996,1,January,Friday
200,1996-04-05,Bradford,5202,1996,4,April,Friday
201,1996-04-14,London,3888,1996,4,April,Sunday
202,1996-05-03,Castleford,5486,1996,5,May,Friday
203,1986-05-19,Oldham,4076,1986,5,May,Monday
204,1996-06-08,St Helens ,6708,1996,6,June,Saturday
205,1996-06-15,Paris,5350,1996,6,June,Saturday
206,1996-06-29,Workington,3468,1996,6,June,Saturday
207,1996-07-14,Leeds,4265,1996,7,July,Sunday
208,1996-07-28,Warrington,4000,1996,7,July,Sunday
209,1996-08-03,Wigan,5103,1996,8,August,Saturday
210,1996-08-11,Halifax,3201,1996,8,August,Sunday
211,1997-03-16,Paris,4213,1997,3,March,Sunday
212,1997-03-28,Warrington,4112,1997,3,March,Friday
213,1997-04-06,Castleford,4735,1997,4,April,Sunday
214,1997-04-20,Leeds,5332,1997,4,April,Sunday
215,1997-05-11,Oldham,4000,1997,5,May,Sunday
216,1997-05-23,Halifax,3000,1997,5,May,Friday
217,1997-06-15,Perth,2065,1997,6,June,Sunday
218,1997-06-20,Hunter,2350,1997,6,June,Friday
219,1997-07-02,St Helens,3200,1997,7,July,Wednesday
220,1997-07-13,London,3150,1997,7,July,Sunday
221,1997-08-10,Wigan,3250,1997,8,August,Sunday
222,1997-08-16,Bradford,10603,1997,8,August,Saturday
223,1997-08-25,Salford,2943,1997,8,August,Monday
224,1997-09-05,Warrington,2500,1997,9,September,Friday
225,1998-03-01,Egremont,1100,1998,3,March,Sunday
226,1998-04-05,Hull,4511,1998,4,April,Sunday
227,1998-04-17,Bradford,4678,1998,4,April,Friday
228,1998-05-09,Wigan,7365,1998,5,May,Saturday
229,1998-05-23,Leeds,6283,1998,5,May,Saturday
230,1998-05-30,Halifax,3811,1998,5,May,Saturday
231,1998-06-20,St Helens,3675,1998,6,June,Saturday
232,1998-07-03,Castleford,3151,1998,7,July,Friday
233,1998-07-17,Halifax,3087,1998,7,July,Friday
234,1998-08-07,Huddersfield,2550,1998,8,August,Friday
235,1998-08-21,Salford,2571,1998,8,August,Friday
236,1998-09-11,London,2420,1998,9,September,Friday
237,1998-09-18,Warrington,3083,1998,9,September,Friday
238,1999-03-20,London,3269,1999,3,March,Saturday
239,1999-04-02,Huddersfield,3621,1999,4,April,Friday
240,1999-04-11,Leeds,5101,1999,4,April,Sunday
241,1999-04-25,Wakefield,4387,1999,4,April,Sunday
242,1999-05-08,Halifax,3901,1999,5,May,Saturday
243,1999-05-22,Salford,3100,1999,5,May,Saturday
244,1999-06-05,Bradford,4801,1999,6,June,Saturday
245,1999-06-26,Hull,3449,1999,6,June,Saturday
246,1999-06-29,Gateshead,2319,1999,6,June,Tuesday
247,1999-07-10,St Helens,4487,1999,7,July,Saturday
248,1999-07-21,Wigan,3526,1999,7,July,Wednesday
249,1999-07-24,Warrington,2614,1999,7,July,Saturday
250,1999-08-07,Castleford,3750,1999,8,August,Saturday
251,1999-08-28,London,2024,1999,8,August,Saturday
252,1999-09-04,Huddersfield,3500,1999,9,September,Saturday
253,2000-01-16,Batley,1612,2000,1,January,Sunday
254,2000-01-25,Hunslet,1278,2000,1,January,Tuesday
255,2000-01-30,Thornhill,1100,2000,1,January,Sunday
256,2000-03-05,Doncaster,2732,2000,3,March,Sunday
257,2000-03-26,Workington,1177,2000,3,March,Sunday
258,2000-04-02,Oldham,1220,2000,4,April,Sunday
259,2000-04-21,Lancashire,1177,2000,4,April,Friday
260,2000-05-01,Whitehaven,1098,2000,5,May,Monday
261,2000-05-07,Rochdale,1055,2000,5,May,Sunday
262,2000-05-14,York,1038,2000,5,May,Sunday
263,2000-05-26,Hull KR,1021,2000,5,May,Friday
264,2000-05-29,Featherstone,1359,2000,5,May,Monday
265,2000-06-04,Dewsbury,1478,2000,6,June,Sunday
266,2000-06-18,Keighley,1424,2000,6,June,Sunday
267,2000-06-25,Barrow,1188,2000,6,June,Sunday
268,2000-12-03,Batley,1429,2000,12,December,Sunday
269,2001-01-07,Keighley,1642,2001,1,January,Sunday
270,2001-01-24,Gateshead,753,2001,1,January,Wednesday
271,2001-01-28,East Leeds,778,2001,1,January,Sunday
272,2001-01-31,Dewsbury,862,2001,1,January,Wednesday
273,2001-02-04,Hull KR,1081,2001,2,February,Sunday
274,2001-03-04,Barrow,838,2001,3,March,Sunday
275,2001-03-11,Widnes,1560,2001,3,March,Sunday
276,2001-03-31,Chorley,870,2001,3,March,Saturday
277,2001-04-13,Doncaster,1632,2001,4,April,Friday
278,2001-04-29,Leigh,1614,2001,4,April,Sunday
279,2001-05-13,Featherstone,1296,2001,5,May,Sunday
280,2001-05-20,Hunslet,1154,2001,5,May,Sunday
281,2001-06-03,York,1008,2001,6,June,Sunday
282,2001-06-24,Workington,1259,2001,6,June,Sunday
283,2001-12-09,Gateshead,1203,2001,12,December,Sunday
284,2001-12-23,Doncaster,1716,2001,12,December,Sunday
285,2002-01-13,Keighley,1489,2002,1,January,Sunday
286,2002-01-26,Leigh East,539,2002,1,January,Saturday
287,2002-02-03,Barrow,1091,2002,2,February,Sunday
288,2002-02-10,Wakefield,1972,2002,2,February,Sunday
289,2002-03-03,Hunslet,1058,2002,3,March,Sunday
290,2002-03-15,Oldham,1095,2002,3,March,Friday
291,2002-04-12,Gateshead,835,2002,4,April,Friday
292,2002-04-21,Keighley,862,2002,4,April,Sunday
293,2002-05-05,Featherstone,1074,2002,5,May,Sunday
294,2002-05-24,Chorley,629,2002,5,May,Friday
295,2002-06-02,Rochdale,910,2002,6,June,Sunday
296,2002-07-14,Workington,1071,2002,7,July,Sunday
297,2002-07-26,Batley,1110,2002,7,July,Friday
298,2002-08-18,Dewsbury,843,2002,8,August,Sunday
299,2002-08-25,Swinton,751,2002,8,August,Sunday
300,2002-09-08,Huddersfield,1405,2002,9,September,Sunday
301,2002-09-20,Swinton,425,2002,9,September,Friday
302,2002-09-28,Barrow,572,2002,9,September,Saturday
303,2003-02-09,Keighley,1235,2003,2,February,Sunday
304,2003-02-16,Doncaster,1053,2003,2,February,Sunday
305,2003-03-02,Hull,11729,2003,3,March,Sunday
306,2003-03-05,Batley,732,2003,3,March,Wednesday
307,2003-03-09,York,730,2003,3,March,Sunday
308,2003-03-21,Featherstone,856,2003,3,March,Friday
309,2003-04-06,Hull KR,1150,2003,4,April,Sunday
310,2003-04-21,York,897,2003,4,April,Monday
311,2003-05-09,Swinton,903,2003,5,May,Friday
312,2003-06-01,Chorley,747,2003,6,June,Sunday
313,2003-06-22,Keighley,1126,2003,6,June,Sunday
314,2003-06-29,Gateshead,1022,2003,6,June,Sunday
315,2003-07-20,Barrow,1037,2003,7,July,Sunday
316,2003-08-03,Skolars,854,2003,8,August,Sunday
317,2003-08-10,Hunslet,1002,2003,8,August,Sunday
318,2003-09-06,Workington,1011,2003,9,September,Saturday
319,2003-09-21,Chorley,732,2003,9,September,Sunday
320,2004-02-11,Doncaster,945,2004,2,February,Wednesday
321,2004-02-15,Dewsbury,867,2004,2,February,Sunday
322,2004-02-22,Skolars,662,2004,2,February,Sunday
323,2004-02-29,York,764,2004,2,February,Sunday
324,2004-03-19,Hull KR,1049,2004,3,March,Friday
325,2004-05-21,Dewsbury,1352,2004,5,May,Friday
326,2004-06-06,Workington,979,2004,6,June,Sunday
327,2004-06-20,Barrow,977,2004,6,June,Sunday
328,2004-07-04,Swinton,957,2004,7,July,Sunday
329,2004-07-11,Chorley,852,2004,7,July,Sunday
330,2004-07-23,York,1018,2004,7,July,Friday
331,2004-08-01,Gateshead,744,2004,8,August,Sunday
332,2004-08-22,Hunslet,870,2004,8,August,Sunday
333,2004-09-12,Skolars,825,2004,9,September,Sunday
334,2004-09-19,Hunslet,531,2004,9,September,Sunday
335,2005-02-11,Dewsbury,959,2005,2,February,Friday
336,2005-03-04,Batley,875,2005,3,March,Friday
337,2005-03-25,Doncaster,1003,2005,3,March,Friday
338,2005-04-08,Blackpool,727,2005,4,April,Friday
339,2005-04-22,Keighley,804,2005,4,April,Friday
340,2005-05-20,Gateshead,664,2005,5,May,Friday
341,2005-06-11,Workington,650,2005,6,June,Saturday
342,2005-07-22,Hunslet,846,2005,7,July,Friday
343,2005-08-05,Dewsbury,884,2005,8,August,Friday
344,2005-08-29,Skolars,764,2005,8,August,Monday
345,2005-09-02,Swinton,806,2005,9,September,Friday
346,2005-09-09,York,1154,2005,9,September,Friday
347,2006-02-17,York,1145,2006,2,February,Friday
348,2006-02-24,Hull KR,1347,2006,2,February,Friday
349,2006-03-19,Featherstone,769,2006,3,March,Sunday
350,2006-04-07,Keighley,798,2006,4,April,Friday
351,2006-04-17,Celtic,981,2006,4,April,Monday
352,2006-04-28,Workington,756,2006,4,April,Friday
353,2006-05-12,Gateshead,707,2006,5,May,Friday
354,2006-05-26,Hunslet,775,2006,5,May,Friday
355,2006-06-09,Barrow,882,2006,6,June,Friday
356,2006-06-23,Featherstone,935,2006,6,June,Friday
357,2006-07-21,Skolars,729,2006,7,July,Friday
358,2006-07-28,Swinton,830,2006,7,July,Friday
359,2006-08-11,Dewsbury,1186,2006,8,August,Friday
360,2006-09-01,Blackpool,783,2006,9,September,Friday
361,2006-09-22,Celtic,760,2006,9,September,Friday
362,2007-02-16,Doncaster,1043,2007,2,February,Friday
363,2007-03-16,Castleford,1897,2007,3,March,Friday
364,2007-03-23,Featherstone,1196,2007,3,March,Friday
365,2007-04-06,Doncaster,1142,2007,4,April,Friday
366,2007-04-13,Widnes,1211,2007,4,April,Friday
367,2007-05-18,Dewsbury,881,2007,5,May,Friday
368,2007-06-07,Rochdale,1463,2007,6,June,Thursday
369,2007-06-15,Castleford,1333,2007,6,June,Friday
370,2007-07-20,Leigh,870,2007,7,July,Friday
371,2007-07-27,Batley,916,2007,7,July,Friday
372,2007-08-31,Halifax,1009,2007,8,August,Friday
373,2007-09-06,Whitehaven,1045,2007,9,September,Thursday
374,2008-02-01,Celtic,773,2008,2,February,Friday
375,2008-02-22,Skolars,669,2008,2,February,Friday
376,2008-03-02,Doncaster,942,2008,3,March,Sunday
377,2008-03-07,Lezignan,379,2008,3,March,Friday
378,2008-03-24,Celtic,665,2008,3,March,Monday
379,2008-04-13,Leigh,1108,2008,4,April,Sunday
380,2008-05-02,Salford,1058,2008,5,May,Friday
381,2008-05-30,Halifax,1235,2008,5,May,Friday
382,2008-06-20,Batley,812,2008,6,June,Friday
383,2008-07-11,Whitehaven,810,2008,7,July,Friday
384,2008-07-25,Featherstone,2107,2008,7,July,Friday
385,2008-08-14,Widnes,1823,2008,8,August,Thursday
386,2008-08-22,Dewsbury,815,2008,8,August,Friday
387,2009-02-11,Hunslet,556,2009,2,February,Wednesday
388,2009-03-01,Halifax,1065,2009,3,March,Sunday
389,2009-03-08,Toulouse,1554,2009,3,March,Sunday
390,2009-03-15,Leigh,1220,2009,3,March,Sunday
391,2009-04-03,Dewsbury,597,2009,4,April,Friday
392,2009-04-09,Doncaster,1209,2009,4,April,Thursday
393,2009-04-26,Widnes,1231,2009,4,April,Sunday
394,2009-05-23,Toulouse,809,2009,5,May,Saturday
395,2009-06-13,Whitehaven,811,2009,6,June,Saturday
396,2009-07-03,Batley,1286,2009,7,July,Friday
397,2009-07-23,Gateshead,1410,2009,7,July,Thursday
398,2009-08-13,Halifax,1457,2009,8,August,Thursday
399,2009-08-27,Featherstone,1028,2009,8,August,Thursday
400,2009-09-03,Barrow,1283,2009,9,September,Thursday
401,2009-09-11,Featherstone,802,2009,9,September,Friday
402,2010-02-14,York,814,2010,2,February,Sunday
403,2010-02-17,Halifax,851,2010,2,February,Wednesday
404,2010-03-07,Thatto Heath,502,2010,3,March,Sunday
405,2010-03-14,Widnes,1085,2010,3,March,Sunday
406,2010-03-19,Dewsbury,835,2010,3,March,Friday
407,2010-04-11,Featherstone,2871,2010,4,April,Sunday
408,2010-04-17,Wigan,2950,2010,4,April,Saturday
409,2010-05-03,Whitehaven,1301,2010,5,May,Monday
410,2010-05-12,Batley,1170,2010,5,May,Wednesday
411,2010-05-15,Toulouse,979,2010,5,May,Saturday
412,2010-05-27,Keighley,1271,2010,5,May,Thursday
413,2010-06-24,Barrow,848,2010,6,June,Thursday
414,2010-08-08,Halifax,1473,2010,8,August,Sunday
415,2010-08-19,Leigh,1243,2010,8,August,Thursday
416,2011-02-13,Whitehaven,727,2011,2,February,Sunday
417,2011-02-27,Hunslet,854,2011,2,February,Sunday
418,2011-03-06,Leeds Met,350,2011,3,March,Sunday
419,2011-03-13,Widnes,1831,2011,3,March,Sunday
420,2011-03-26,Toulouse,1076,2011,3,March,Saturday
421,2011-04-03,Halifax,1282,2011,4,April,Sunday
422,2011-05-15,Leigh,1778,2011,5,May,Sunday
423,2011-05-29,Hunslet,907,2011,5,May,Sunday
424,2011-06-03,Dewsbury,683,2011,6,June,Friday
425,2011-06-30,Barrow,1054,2011,6,June,Thursday
426,2011-08-21,Batley,1174,2011,8,August,Sunday
427,2011-08-28,Featherstone,1336,2011,8,August,Sunday
428,2011-09-04,York,1147,2011,9,September,Sunday
429,2011-09-09,Widnes,564,2011,9,September,Friday
430,2011-09-18,Halifax,1233,2011,9,September,Sunday
431,2012-02-19,Leigh,1045,2012,2,February,Sunday
432,2012-03-02,York,725,2012,3,March,Friday
433,2012-03-11,Swinton,1815,2012,3,March,Sunday
434,2012-03-29,Halifax,1412,2012,3,March,Thursday
435,2012-05-06,Leigh,1237,2012,5,May,Sunday
436,2012-05-18,Dewsbury,1154,2012,5,May,Friday
437,2012-05-24,Batley,1117,2012,5,May,Thursday
438,2012-06-15,Hunslet,286,2012,6,June,Friday
439,2012-06-22,York,784,2012,6,June,Friday
440,2012-07-06,Halifax,671,2012,7,July,Friday
441,2012-07-20,Keighley,854,2012,7,July,Friday
442,2012-08-10,Hunslet,777,2012,8,August,Friday
443,2012-08-16,Featherstone,1449,2012,8,August,Thursday
444,2012-09-09,Batley,722,2012,9,September,Sunday
445,2013-02-08,Batley,1008,2013,2,February,Friday
446,2013-03-01,York,1011,2013,3,March,Friday
447,2013-03-14,Featherstone,1243,2013,3,March,Thursday
448,2013-03-29,Doncaster,1253,2013,3,March,Friday
449,2013-04-07,Leigh East,333,2013,4,April,Sunday
450,2013-04-14,Barrow,1177,2013,4,April,Sunday
451,2013-04-20,Dewsbury,467,2013,4,April,Saturday
452,2013-05-03,Dewsbury,904,2013,5,May,Friday
453,2013-05-10,Halifax,782,2013,5,May,Friday
454,2013-05-19,Barrow,408,2013,5,May,Sunday
455,2013-05-24,Halifax,1104,2013,5,May,Friday
456,2013-06-09,Whitehaven,1028,2013,6,June,Sunday
457,2013-06-14,Dewsbury,576,2013,6,June,Friday
458,2013-07-05,Swinton,814,2013,7,July,Friday
459,2013-07-12,London B,2459,2013,7,July,Friday
460,2013-07-26,Keighley,710,2013,7,July,Friday
461,2013-07-31,Workington,732,2013,7,July,Wednesday
462,2013-08-09,Leigh,1012,2013,8,August,Friday
463,2013-08-22,Hunslet,1184,2013,8,August,Thursday
464,2013-09-06,Halifax,773,2013,9,September,Friday
465,2013-09-15,Dewsbury,839,2013,9,September,Sunday
466,2014-03-02,Barrow,897,2014,3,March,Sunday
467,2014-03-16,East Leeds,619,2014,3,March,Sunday
468,2014-03-23,Dewsbury,911,2014,3,March,Sunday
469,2014-04-05,Skolars,505,2014,4,April,Saturday
470,2014-04-20,Doncaster,1018,2014,4,April,Sunday
471,2014-05-11,Featherstone,1279,2014,5,May,Sunday
472,2014-05-25,Leigh,1151,2014,5,May,Sunday
473,2014-06-08,Workington,712,2014,6,June,Sunday
474,2014-06-22,Keighley,743,2014,6,June,Sunday
475,2014-06-29,Halifax,955,2014,6,June,Sunday
476,2014-07-13,Crusaders,671,2014,7,July,Sunday
477,2014-07-27,Batley,763,2014,7,July,Sunday
478,2014-08-10,Swinton,600,2014,8,August,Sunday
479,2014-08-17,Whitehaven,644,2014,8,August,Sunday
480,2014-08-20,Rochdale,560,2014,8,August,Wednesday
481,2014-09-13,Batley,695,2014,9,September,Saturday
482,2015-02-22,London B,850,2015,2,February,Sunday
483,2015-03-08,Batley,1358,2015,3,March,Sunday
484,2015-03-22,Oldham,484,2015,3,March,Sunday
485,2015-03-29,Hunslet,1136,2015,3,March,Sunday
486,2015-04-12,Leigh,1454,2015,4,April,Sunday
487,2015-04-19,Hull,1620,2015,4,April,Sunday
488,2015-04-26,Halifax,1437,2015,4,April,Sunday
489,2015-05-08,Doncaster,863,2015,5,May,Friday
490,2015-05-19,Dewsbury,682,2015,5,May,Tuesday
491,2015-06-13,Whitehaven,503,2015,6,June,Saturday
492,2015-06-28,Workington,506,2015,6,June,Sunday
493,2015-07-12,Bradford,2153,2015,7,July,Sunday
494,2015-07-19,Featherstone,2443,2015,7,July,Sunday
495,2015-08-23,Halifax,854,2015,8,August,Sunday
496,2015-09-18,Hull KR,2017,2015,9,September,Friday
497,2015-09-27,Wakefield,1712,2015,9,September,Sunday
498,2016-02-12,Halifax,1350,2016,2,February,Friday
499,2016-02-26,Swinton,508,2016,2,February,Friday
500,2016-03-12,Whitehaven,502,2016,3,March,Saturday
501,2016-03-19,Swinton,412,2016,3,March,Saturday
502,2016-04-22,London,513,2016,4,April,Friday
503,2016-04-29,Dewsbury,441,2016,4,April,Friday
504,2016-05-14,Workington,494,2016,5,May,Saturday
505,2016-05-20,Bradford,995,2016,5,May,Friday
506,2016-06-10,Batley,651,2016,6,June,Friday
507,2016-06-24,Featherstone,817,2016,6,June,Friday
508,2016-07-01,Oldham,531,2016,7,July,Friday
509,2016-07-15,Leigh,774,2016,7,July,Friday
510,2016-08-14,Whitehaven,412,2016,8,August,Sunday
511,2016-08-21,Swinton,466,2016,8,August,Sunday
512,2016-09-04,Workington,380,2016,9,September,Sunday
513,2016-09-11,Dewsbury,564,2016,9,September,Sunday
514,2017-02-12,Toulouse,442,2017,2,February,Sunday
515,2017-02-26,Batley,662,2017,2,February,Sunday
516,2017-03-12,Featherstone,1017,2017,3,March,Sunday
517,2017-04-02,London B,319,2017,4,April,Sunday
518,2017-04-17,Dewsbury,482,2017,4,April,Monday
519,2017-05-07,Bradford,1437,2017,5,May,Sunday
520,2017-06-04,Rochdale,341,2017,6,June,Sunday
521,2017-06-11,Halifax,672,2017,6,June,Sunday
522,2017-06-25,Hull KR,1619,2017,6,June,Sunday
523,2017-07-02,Swinton,379,2017,7,July,Sunday
524,2017-07-16,Oldham,329,2017,7,July,Sunday
525,2017-08-06,Oldham,305,2017,8,August,Sunday
526,2017-08-20,Dewsbury,363,2017,8,August,Sunday
527,2017-09-03,Bradford,896,2017,9,September,Sunday
528,2017-09-10,Rochdale,297,2017,9,September,Sunday
529,2018-03-11,Toronto,863,2018,3,March,Sunday
530,2018-03-30,Rochdale,516,2018,3,March,Friday
531,2018-04-02,Batley,597,2018,4,April,Monday
532,2018-04-15,Leigh,982,2018,4,April,Sunday
533,2018-05-06,Halifax,891,2018,5,May,Sunday
534,2018-05-13,London B,517,2018,5,May,Sunday
535,2018-06-10,Swinton,872,2018,6,June,Sunday
536,2018-06-23,Featherstone,917,2018,6,June,Saturday
537,2018-07-01,Toulouse,458,2018,7,July,Sunday
538,2018-07-15,Dewsbury,425,2018,7,July,Sunday
539,2018-07-22,Barrow,702,2018,7,July,Sunday
540,2018-08-31,Dewsbury,638,2018,8,August,Friday
541,2018-09-07,Featherstone,689,2018,9,September,Friday
542,2018-09-23,Barrow,404,2018,9,September,Sunday
543,2018-09-30,Rochdale,789,2018,9,September,Sunday
544,2019-02-03,Swinton,1259,2019,2,February,Sunday
545,2019-02-15,Bradford,1711,2019,2,February,Friday
546,2019-03-01,Batley,791,2019,3,March,Friday
547,2019-03-31,Leigh,596,2019,3,March,Sunday
548,2019-04-19,Toulouse,729,2019,4,April,Friday
549,2019-04-28,Halifax,966,2019,4,April,Sunday
550,2019-05-24,Toronto,932,2019,5,May,Friday
551,2019-06-09,Featherstone,1321,2019,6,June,Sunday
552,2019-06-21,Rochdale,543,2019,6,June,Friday
553,2019-06-30,Leigh,1082,2019,6,June,Sunday
554,2019-07-05,York,793,2019,7,July,Friday
555,2019-07-12,Dewsbury,691,2019,7,July,Friday
556,2019-07-28,Batley,727,2019,7,July,Sunday
557,2019-08-02,Widnes,772,2019,8,August,Friday
558,2019-08-18,Barrow,677,2019,8,August,Sunday
559,2020-02-16,Toulouse,618,2020,2,February,Sunday
560,2020-02-22,Halifax,429,2020,2,February,Saturday
561,2020-03-15,Workington,323,2020,3,March,Sunday
562,2021-03-19,York,0,2021,3,March,Friday
563,2021-04-04,Bradford,0,2021,4,April,Sunday
564,2021-05-01,London,0,2021,5,May,Saturday
565,2021-05-07,Batley,0,2021,5,May,Friday
566,2021-05-23,Featherstone,620,2021,5,May,Sunday
567,2021-05-30,Whitehaven,343,2021,5,May,Sunday
568,2021-06-27,Toulouse,319,2021,6,June,Sunday
569,2021-07-25,Halifax,775,2021,7,July,Sunday
570,2021-08-15,Oldham,372,2021,8,August,Sunday
571,2021-09-05,Dewsbury,432,2021,9,September,Sunday
572,2021-09-12,Swinton,430,2021,9,September,Sunday
573,2022-03-26,Hull,1039,2022,3,March,Saturday
574,2022-04-09,Whitehaven,150,2022,4,April,Saturday
575,2022-04-16,London,943,2022,4,April,Saturday
576,2022-04-22,Newcastle,385,2022,4,April,Friday
577,2022-05-23,Widnes,795,2022,5,May,Monday
578,2022-06-02,York,786,2022,6,June,Thursday
579,2022-06-12,Bradford,799,2022,6,June,Sunday
580,2022-06-24,Leigh,758,2022,6,June,Friday
581,2022-07-08,Batley,678,2022,7,July,Friday
582,2022-07-17,Barrow,621,2022,7,July,Sunday
583,2022-07-24,Workington,644,2022,7,July,Sunday
584,2022-08-07,Whitehaven,727,2022,8,August,Sunday
585,2022-08-12,Halifax,569,2022,8,August,Friday
586,2022-09-02,Featherstone,912,2022,9,September,Friday
587,2022-09-14,Dewsbury,604,2022,9,September,Wednesday
